{
  "00": {
    "Score": 0.3156502848024956,
    "WinO": 0.5176317725505604,
    "WinX": 0.8332820573530559
  },
  "01": {
    "Score": 0.21788509015318935,
    "WinO": 0.5643176131841197,
    "WinX": 0.782202703337309
  },
  "02": {
    "Score": 0.3156502848024957,
    "WinO": 0.5176317725505608,
    "WinX": 0.8332820573530565
  },
  "10": {
    "Score": 0.21788509015318946,
    "WinO": 0.5643176131841198,
    "WinX": 0.7822027033373092
  },
  "11": {
    "Score": 0.4299535999833898,
    "WinO": 0.4651928104270653,
    "WinX": 0.8951464104104551
  },
  "12": {
    "Score": 0.21788509015318946,
    "WinO": 0.5643176131841195,
    "WinX": 0.782202703337309
  },
  "20": {
    "Score": 0.31565028480249524,
    "WinO": 0.5176317725505608,
    "WinX": 0.833282057353056
  },
  "21": {
    "Score": 0.2178850901531897,
    "WinO": 0.5643176131841195,
    "WinX": 0.7822027033373092
  },
  "22": {
    "Score": 0.31565028480249524,
    "WinO": 0.5176317725505605,
    "WinX": 0.8332820573530557
  }
}